year,Revenue,Cost of revenue,Gross profit,Operating expenses,"Sales, General and administrative",Other operating expenses,Total operating expenses,Operating income,Interest Expense,Other income (expense),Income before taxes,Provision for income taxes,Net income from continuing operations,Net income,Preferred dividend,Net income available to common shareholders,Earnings per share,Basic,Diluted,Weighted average shares outstanding,Basic,Diluted,EBITDA,adj_close
2013,627355000.0,270775000.0,356580000.0,155868000.0,143586000.0,12282000.0,155868000.0,200712000.0,100264000.0,10169000.0,110617000.0,38580000.0,72037000.0,72037000.0,1200000.0,70837000.0,0.01,3.75,3.7,0.01,18871000.0,19141000.0,246236000.0,68.3199328001513
2014,641511000.0,279873000.0,361638000.0,157973000.0,145910000.0,12063000.0,157973000.0,203665000.0,96637000.0,-55432000.0,51596000.0,15143000.0,36453000.0,36453000.0,521000.0,35932000.0,0.01,1.92,1.9,0.01,18753000.0,18956000.0,182978000.0,87.8769544473223
2015,670256000.0,282094000.0,388162000.0,165428000.0,155428000.0,10000000.0,165428000.0,222734000.0,63254000.0,9169000.0,168649000.0,63726000.0,104923000.0,104923000.0,1400000.0,103523000.0,0.01,5.55,5.52,0.01,18637000.0,18768000.0,264743000.0,74.5265090532723
2016,624782000.0,254555000.0,370227000.0,158916000.0,148935000.0,9981000.0,158916000.0,211311000.0,61479000.0,3290000.0,153122000.0,55130000.0,97992000.0,97992000.0,1387000.0,96605000.0,0.01,5.36,5.33,0.01,18030000.0,18125000.0,245207000.0,70.8507943535192
2017,596467000.0,263173000.0,333294000.0,175688000.0,165679000.0,10009000.0,175688000.0,157606000.0,61979000.0,-521001000.0,-425374000.0,-94835000.0,-330539000.0,-330539000.0,-6519000.0,-324020000.0,0.01,-18.28,-18.28,0.01,17725000.0,17740000.0,-332747000.0,50.73
2018,596467000.0,263173000.0,333294000.0,175688000.0,165679000.0,10009000.0,175688000.0,157606000.0,61979000.0,-521001000.0,-425374000.0,-94835000.0,-330539000.0,-330539000.0,-6519000.0,-324020000.0,0.01,-18.28,-18.28,0.01,17725000.0,17740000.0,-332747000.0,74.09
