year,Revenue,Cost of revenue,Gross profit,Operating expenses,"Sales, General and administrative",Other operating expenses,Total operating expenses,Operating income,Interest Expense,Other income (expense),Income before taxes,Provision for income taxes,Net income from continuing operations,Net income,Net income available to common shareholders,Earnings per share,Basic,Diluted,Weighted average shares outstanding,Basic,Diluted,EBITDA,adj_close
2012,708325000.0,571026000.0,137299000.0,96434000.0,54530000.0,41904000.0,96434000.0,40865000.0,54000.0,1845000.0,42656000.0,11247000.0,31409000.0,31409000.0,31409000.0,0.01,1.12,1.09,0.01,27994000.0,28857000.0,84057000.0,32.7844139252635
2013,775125000.0,639330000.0,135795000.0,111935000.0,59049000.0,52886000.0,111935000.0,23860000.0,0.01,1152000.0,25012000.0,3990000.0,21022000.0,21022000.0,21022000.0,0.01,0.75,0.73,0.01,28194000.0,28895000.0,72867000.0,30.9508783136378
2014,845569000.0,693831000.0,151738000.0,116312000.0,58962000.0,57350000.0,116312000.0,35426000.0,0.01,897000.0,36323000.0,8926000.0,27397000.0,27397000.0,27397000.0,0.01,0.99,0.97,0.01,27710000.0,28316000.0,90813000.0,50.0335994889812
2015,919597000.0,736731000.0,182866000.0,119804000.0,60389000.0,59415000.0,119804000.0,63062000.0,0.01,-955000.0,62107000.0,16782000.0,45325000.0,45325000.0,45325000.0,0.01,1.76,1.73,0.01,25718000.0,26231000.0,122479000.0,43.3172788246567
2016,993052000.0,801413000.0,191639000.0,129998000.0,62752000.0,67246000.0,129998000.0,61641000.0,0.01,-550000.0,61091000.0,15534000.0,45557000.0,45557000.0,45557000.0,0.01,1.91,1.88,0.01,23824000.0,24233000.0,125916000.0,39.1619290961354
2017,1036263000.0,858081000.0,178182000.0,134635000.0,61281000.0,73354000.0,134635000.0,43547000.0,0.01,-1967000.0,41580000.0,7399000.0,34181000.0,34181000.0,34181000.0,0.01,1.54,1.52,0.01,21910000.0,22315250.0,111123000.0,35.55
