year,Revenue,Cost of revenue,Gross profit,Operating expenses,"Sales, General and administrative",Other operating expenses,Total operating expenses,Operating income,Other income (expense),Income before taxes,Provision for income taxes,Net income from continuing operations,Net income,Net income available to common shareholders,Earnings per share,Basic,Diluted,Weighted average shares outstanding,Basic,Diluted,EBITDA,adj_close
2013,1877910000.0,1058754000.0,819156000.0,658763000.0,127634000.0,531129000.0,658763000.0,160393000.0,-3943000.0,156450000.0,42094000.0,114356000.0,114356000.0,114356000.0,0.01,2.19,2.1,0.01,52229000.0,54377000.0,238951000.0,45.2031328441995
2014,1976624000.0,1136408000.0,840216000.0,694789000.0,133450000.0,561339000.0,694789000.0,145427000.0,-6883000.0,138544000.0,37268000.0,101276000.0,101276000.0,101276000.0,0.01,2.04,1.96,0.01,49567000.0,51584000.0,228262000.0,47.7536662549463
2015,2100609000.0,1188849000.0,911760000.0,740503000.0,154300000.0,586203000.0,740503000.0,171257000.0,-11905000.0,159352000.0,42829000.0,116523000.0,116523000.0,116523000.0,0.01,2.39,2.3,0.01,48833000.0,50605000.0,256820000.0,44.3946346872599
2016,2275719000.0,1286626000.0,989093000.0,787986000.0,159611000.0,628375000.0,787986000.0,201107000.0,-9339000.0,191768000.0,52274000.0,139494000.0,139494000.0,139494000.0,0.01,2.91,2.83,0.01,47981000.0,49372000.0,289117000.0,58.6453854259396
2017,2260502000.0,1849774000.0,410728000.0,247540000.0,154811000.0,92729000.0,247540000.0,163188000.0,-16722000.0,146466000.0,-10926000.0,157392000.0,157392000.0,157392000.0,0.01,3.35,3.27,0.01,46930000.0,48152000.0,255917000.0,48.18
2018,2260502000.0,1849774000.0,410728000.0,247540000.0,154811000.0,92729000.0,247540000.0,163188000.0,-16722000.0,146466000.0,-10926000.0,157392000.0,157392000.0,157392000.0,0.01,3.35,3.27,0.01,46930000.0,48152000.0,255917000.0,52.33
