year,Revenue,Cost of revenue,Gross profit,Operating expenses,"Sales, General and administrative",Other operating expenses,Total operating expenses,Operating income,Other income (expense),Income before taxes,Provision for income taxes,Net income from continuing operations,Net income,Net income available to common shareholders,Earnings per share,Basic,Diluted,Weighted average shares outstanding,Basic,Diluted,EBITDA,adj_close
2013,775125000.0,639330000.0,135795000.0,108056000.0,59049000.0,49007000.0,108056000.0,27739000.0,-2727000.0,25012000.0,3990000.0,21022000.0,21022000.0,21022000.0,0.01,0.75,0.73,0.01,28194000.0,28895000.0,76746000.0,30.9508783136378
2014,845569000.0,693831000.0,151738000.0,114349000.0,58962000.0,55387000.0,114349000.0,37389000.0,-1066000.0,36323000.0,8926000.0,27397000.0,27397000.0,27397000.0,0.01,0.99,0.97,0.01,27710000.0,28316000.0,92776000.0,50.0335994889812
2015,919597000.0,736731000.0,182866000.0,119806000.0,60389000.0,59417000.0,119806000.0,63060000.0,-953000.0,62107000.0,16782000.0,45325000.0,45325000.0,45325000.0,0.01,1.76,1.73,0.01,25718000.0,26231000.0,122477000.0,43.3172788246567
2016,993052000.0,801413000.0,191639000.0,127027000.0,62752000.0,64275000.0,127027000.0,64612000.0,-3521000.0,61091000.0,15534000.0,45557000.0,45557000.0,45557000.0,0.01,1.91,1.88,0.01,23824000.0,24233000.0,128887000.0,39.1619290961354
2017,1031782000.0,859790000.0,171992000.0,127985000.0,59320000.0,68665000.0,127985000.0,44007000.0,-8617000.0,35390000.0,-9390000.0,44780000.0,44780000.0,44780000.0,0.01,2.1,2.06,0.01,21374000.0,21772000.0,112672000.0,36.4
2018,1031782000.0,859790000.0,171992000.0,127985000.0,59320000.0,68665000.0,127985000.0,44007000.0,-8617000.0,35390000.0,-9390000.0,44780000.0,44780000.0,44780000.0,0.01,2.1,2.06,0.01,21374000.0,21772000.0,112672000.0,49.05
